customer_id,treatment,conversion,visit,exposure,class
IN-Hung-15894,1,0,0,0,Lost Cause
IN-Jais-17512,0,0,0,0,Lost Cause
IN-Akle-17369,1,0,0,0,Lost Cause
IN-Deol-71539,0,0,0,0,Lost Cause
IN-Puja-7705,0,0,0,0,Lost Cause
IN-Akle-88795,0,1,0,0,Lost Cause
IN-Pand-10397,0,0,0,0,Lost Cause
IN-Kend-18733,0,0,0,0,Lost Cause
IN-Domb-30325,0,0,0,0,Lost Cause
IN-Barp-94383,1,0,0,0,Lost Cause
IN-Saha-23995,1,0,0,0,Lost Cause
IN-Tiru-5044,0,0,0,0,Lost Cause
IN-Dhar-33555,0,0,0,0,Lost Cause
IN-Pune-71130,0,0,0,1,Lost Cause
IN-Peri-51499,0,0,0,0,Lost Cause
IN-Aist-24977,0,0,0,0,Lost Cause
IN-Raja-10486,1,0,0,0,Lost Cause
IN-Supa-33005,1,0,0,0,Lost Cause
IN-Gora-76151,1,0,0,0,Lost Cause
IN-Akle-25025,0,0,0,0,Lost Cause
IN-Elam-41149,1,0,0,0,Lost Cause
IN-Kala-61806,1,0,0,0,Lost Cause
IN-Bhay-19515,1,0,0,0,Lost Cause
IN-Narw-7403,1,1,0,0,Lost Cause
IN-Gora-2300,1,0,0,0,Lost Cause
IN-Ging-50880,1,0,0,0,Lost Cause
IN-Tiru-10173,1,0,0,0,Dont Disturb
IN-Sirs-96024,0,0,0,0,Lost Cause
IN-Dals-63007,0,0,0,0,Lost Cause
IN-Uran-62393,1,0,0,0,Lost Cause
IN-Mala-76734,1,0,0,0,Lost Cause
IN-Hung-79998,1,0,0,0,Lost Cause
IN-Puja-16234,1,0,0,0,Lost Cause
IN-Lete-88225,1,0,0,0,Lost Cause
IN-Peri-89502,1,0,0,0,Lost Cause
IN-Gaje-86586,0,0,1,0,Dont Disturb
IN-Alwa-25244,1,0,1,0,Sure Thing
IN-Adra-92982,1,1,0,0,Lost Cause
IN-Barb-83701,1,0,0,0,Lost Cause
IN-Bhay-64874,0,0,0,0,Lost Cause
IN-Rang-92670,0,0,0,0,Lost Cause
IN-Domb-78170,0,0,0,0,Lost Cause
IN-Aist-4496,0,0,0,0,Lost Cause
IN-Chha-19850,0,0,0,0,Lost Cause
IN-Robe-29794,1,0,0,0,Lost Cause
IN-Osma-28389,0,0,0,0,Lost Cause
IN-Rang-24354,1,0,0,0,Lost Cause
IN-Adra-50949,1,0,0,0,Lost Cause
IN-Udum-87961,1,0,0,0,Lost Cause
IN-Aist-92893,0,0,0,0,Lost Cause
IN-Soja-93412,0,0,0,0,Lost Cause
IN-Dals-82065,1,0,0,0,Lost Cause
IN-Supa-33759,1,0,0,0,Lost Cause
IN-Barp-5210,1,0,0,0,Lost Cause
IN-Domb-15628,0,0,0,0,Lost Cause
IN-Soja-74953,0,1,0,0,Lost Cause
IN-Ging-5029,0,0,0,0,Lost Cause
IN-Dhar-77557,0,0,0,0,Lost Cause
IN-Tiru-95045,0,0,0,0,Lost Cause
IN-Tegh-34454,1,0,0,0,Lost Cause
IN-Bhay-74903,0,0,0,0,Lost Cause
IN-Cham-84233,1,0,0,0,Lost Cause
IN-Robe-45561,0,0,0,0,Lost Cause
IN-Alwa-43495,0,0,0,0,Lost Cause
IN-Tali-65481,1,1,0,0,Lost Cause
IN-Lal -64538,1,0,0,0,Lost Cause
IN-Pune-34260,1,0,0,0,Lost Cause
IN-Adra-90208,1,0,0,0,Lost Cause
IN-Barp-72418,1,1,1,1,Persuadables
IN-Dals-40570,1,0,0,0,Lost Cause
IN-Barb-37319,1,0,0,0,Lost Cause
IN-Amre-9439,1,0,0,0,Lost Cause
IN-Mala-63801,1,0,0,0,Lost Cause
IN-Puja-66326,1,0,0,1,Lost Cause
IN-Tali-45255,1,0,0,0,Lost Cause
IN-Akle-96631,0,0,0,0,Lost Cause
IN-Pand-72459,1,1,0,0,Lost Cause
IN-Kend-86594,1,0,0,0,Lost Cause
IN-Gaje-15779,1,0,0,0,Lost Cause
IN-Madh-33425,1,0,0,0,Lost Cause
IN-Sirs-37076,1,0,0,1,Lost Cause
IN-Pune-94508,1,0,0,0,Lost Cause
IN-Raja-82597,1,0,0,0,Lost Cause
IN-Dava-34864,1,0,0,0,Lost Cause
IN-Diam-91916,1,0,0,0,Lost Cause
IN-Hung-54323,1,0,0,0,Lost Cause
IN-Aist-66638,1,0,0,0,Lost Cause
IN-Beta-63313,1,0,0,0,Lost Cause
IN-Chha-61081,1,0,0,0,Lost Cause
IN-Hung-88097,1,0,1,0,Persuadables
IN-Moga-29214,1,0,0,0,Lost Cause
IN-Pudu-50560,1,0,0,0,Lost Cause
IN-Sath-14504,1,0,0,0,Lost Cause
IN-Gaje-30064,1,0,0,0,Lost Cause
IN-Khed-86505,1,0,0,0,Lost Cause
IN-Domb-38775,0,0,0,0,Lost Cause
IN-Moga-24840,1,0,0,0,Lost Cause
IN-Samb-26788,0,0,0,0,Lost Cause
IN-Kund-68646,1,0,1,0,Persuadables
IN-Dhar-74079,1,0,0,0,Lost Cause
IN-Moga-24008,1,0,0,0,Lost Cause
IN-Narw-61814,1,0,0,0,Lost Cause
IN-Gari-82562,0,0,0,0,Lost Cause
IN-Kala-91440,1,0,0,0,Lost Cause
IN-Aist-31791,1,0,0,0,Lost Cause
IN-Manj-46710,1,0,0,0,Lost Cause
IN-Barb-68788,1,0,0,0,Lost Cause
IN-Barp-97461,1,0,0,0,Lost Cause
IN-Akle-1617,1,0,1,0,Persuadables
IN-Beta-93723,1,0,0,0,Lost Cause
IN-Kend-80823,1,0,0,0,Lost Cause
IN-Gaje-17829,1,0,0,0,Lost Cause
IN-Kang-78077,1,0,0,0,Lost Cause
IN-Soja-80130,1,0,0,0,Lost Cause
IN-Domb-68015,1,0,0,0,Lost Cause
IN-Paro-27420,1,0,0,0,Lost Cause
IN-Tiru-8232,1,1,1,0,Persuadables
IN-Pune-47688,1,0,0,0,Lost Cause
IN-Bach-42980,0,0,0,0,Lost Cause
IN-Dhar-7125,1,0,0,0,Lost Cause
IN-Meer-72821,1,0,0,0,Lost Cause
IN-Lal -91874,1,0,0,0,Lost Cause
IN-Diam-26230,1,0,0,0,Lost Cause
IN-Deol-71376,0,0,0,0,Lost Cause
IN-Tiru-85970,1,0,0,0,Lost Cause
IN-Gora-29942,1,0,0,0,Lost Cause
IN-Rang-73442,1,0,0,0,Lost Cause
IN-Pune-38295,1,0,0,0,Lost Cause
IN-Tegh-64221,0,0,0,0,Lost Cause
IN-Cala-84271,1,0,0,0,Lost Cause
IN-Puja-51600,1,1,1,0,Persuadables
IN-Domb-4515,1,0,0,0,Lost Cause
IN-Aist-34948,1,0,0,0,Lost Cause
IN-Srin-71203,1,0,0,0,Lost Cause
IN-Jash-69899,1,0,0,0,Lost Cause
IN-Kash-38186,1,0,0,0,Lost Cause
IN-Moga-84430,1,0,0,0,Lost Cause
IN-Chha-61220,0,0,0,0,Lost Cause
IN-Domb-98790,0,0,0,0,Lost Cause
IN-Cham-94002,1,0,1,0,Persuadables